2043,-230,-10,35.0748329
2043,-230,-10,35.0748329
2039,-228,-12,35.0878792
2039,-228,-12,35.0878792
2040,-224,-11,35.0830154
2040,-224,-11,35.0830154
2042,-227,-10,35.0771294
2042,-227,-10,35.0771294
2044,-227,-14,35.0839081
2044,-227,-14,35.0839081
2041,-223,-14,35.0703812
2041,-223,-14,35.0703812
2043,-226,-11,35.068779
2042,-226,-13,35.0567665
2042,-226,-13,35.0567665
2039,-227,-12,35.0535049
2039,-227,-12,35.0535049
2040,-226,-14,35.0505676
2040,-226,-14,35.0505676
2041,-224,-15,35.0584908
2041,-224,-15,35.0584908
2043,-226,-11,35.0610962
2043,-226,-11,35.0610962
2039,-224,-14,35.0573997
2039,-224,-14,35.0573997
2042,-227,-12,35.0661507
2044,-226,-13,35.0679893
2044,-226,-13,35.0679893
2040,-225,-11,35.0636063
2040,-225,-11,35.0636063
2044,-225,-10,35.0581512
2044,-225,-10,35.0581512
2041,-226,-14,35.0547523
2041,-226,-14,35.0547523
2041,-227,-13,35.0607491
2041,-227,-13,35.0607491
2043,-225,-11,35.0601082
2043,-225,-11,35.0601082
2047,-226,-10,35.0489616
2043,-225,-14,35.0344048
2043,-225,-14,35.0344048
2045,-227,-13,35.0288506
2045,-227,-13,35.0288506
2045,-225,-11,35.0178108
2045,-225,-11,35.0178108
2043,-225,-15,35.0290108
2043,-225,-15,35.0290108
2044,-228,-10,35.016449
2044,-228,-10,35.016449
2047,-225,-17,34.9991035
2041,-224,-11,34.9955711
2041,-224,-11,34.9955711
2043,-226,-13,34.986351
2043,-226,-13,34.986351
2043,-228,-16,34.9886208
2043,-228,-16,34.9886208
2037,-226,-12,34.9951935
2037,-226,-12,34.9951935
2040,-224,-13,34.9965782
2040,-224,-13,34.9965782
2042,-228,-10,35.0023537
2042,-228,-10,35.0023537
2041,-227,-11,35.0060425
2041,-224,-13,35.0169106
2041,-224,-13,35.0169106
2044,-223,-12,35.0146141
2044,-223,-12,35.0146141
2042,-225,-14,35.0140572
2042,-225,-14,35.0140572
2038,-224,-15,34.9999695
2038,-224,-15,34.9999695
2040,-226,-13,34.9872894
2040,-226,-13,34.9872894
2043,-225,-11,34.9773865
2043,-225,-11,34.9773865
2039,-224,-14,34.9730034
2041,-222,-11,34.9660416
2041,-222,-11,34.9660416
2043,-225,-11,34.9567566
2043,-225,-11,34.9567566
2044,-227,-16,34.9544373
2044,-227,-16,34.9544373
2042,-225,-10,34.9312134
2042,-225,-10,34.9312134
2046,-226,-14,34.9284286
2046,-226,-14,34.9284286
2038,-224,-11,34.9334717
2038,-224,-11,34.9334717
2038,-224,-16,34.9334831
2042,-225,-15,34.9380188
2042,-225,-15,34.9380188
2040,-223,-14,34.9375725
2040,-223,-14,34.9375725
2040,-224,-12,34.9250946
2040,-224,-12,34.9250946
2044,-225,-11,34.9214134
2044,-225,-11,34.9214134
2042,-223,-14,34.9060211
2042,-223,-14,34.9060211
2037,-227,-13,34.8982086
2038,-226,-12,34.8987236
2038,-226,-12,34.8987236
2039,-228,-15,34.9022064
2039,-228,-15,34.9022064
2035,-224,-13,34.8872261
2035,-224,-13,34.8872261
2040,-226,-16,34.891861
2040,-226,-16,34.891861
2041,-226,-15,34.8990517
2041,-226,-15,34.8990517
2041,-226,-13,34.8919334
2041,-226,-13,34.8919334
2039,-227,-13,34.8810005
2039,-225,-12,34.8772011
2039,-225,-12,34.8772011
2039,-227,-10,34.8813286
2039,-227,-10,34.8813286
2036,-223,-12,34.8925896
2036,-223,-12,34.8925896
2039,-224,-12,34.9087639
2039,-224,-12,34.9087639
2039,-223,-14,34.9052048
2039,-223,-14,34.9052048
2037,-225,-14,34.8959656
2037,-225,-14,34.8959656
2039,-226,-12,34.8982162
2040,-224,-12,34.9047699
2040,-224,-12,34.9047699
2037,-227,-13,34.9016113
2037,-227,-13,34.9016113
2039,-225,-13,34.886692
2039,-225,-13,34.886692
2037,-225,-13,34.8943977
2037,-225,-13,34.8943977
2038,-228,-14,34.9058609
2038,-228,-14,34.9058609
2036,-226,-11,34.9086304
2036,-226,-11,34.9086304
2041,-227,-16,34.8839493
2035,-227,-10,34.8934402
2035,-227,-10,34.8934402
2039,-225,-14,34.8974533
2039,-225,-14,34.8974533
2029,-225,-15,34.8980446
2029,-225,-15,34.8980446
2036,-226,-10,34.8895187
2036,-226,-10,34.8895187
2036,-224,-14,34.8999634
2036,-224,-14,34.8999634
2037,-227,-10,34.9048309
2038,-228,-16,34.9137421
2038,-228,-16,34.9137421
2038,-226,-11,34.9187431
2038,-226,-11,34.9187431
2037,-224,-17,34.9292831
2037,-224,-17,34.9292831
2034,-226,-9,34.9387703
2034,-226,-9,34.9387703
2036,-225,-14,34.9367409
2036,-225,-14,34.9367409
2037,-227,-12,34.9394417
2037,-227,-12,34.9394417
2039,-225,-12,34.9464035
2034,-222,-12,34.9526672
2034,-222,-12,34.9526672
2037,-224,-10,34.9552841
2037,-224,-10,34.9552841
2038,-226,-15,34.9757576
2038,-226,-15,34.9757576
2037,-225,-10,34.9685211
2037,-225,-10,34.9685211
2038,-227,-13,34.9650269
2038,-227,-13,34.9650269
2037,-224,-13,34.9679184
2037,-224,-13,34.9679184
2034,-226,-12,34.9690132
2037,-225,-14,34.9730148
2037,-225,-14,34.9730148
2041,-226,-13,34.9826546
2041,-226,-13,34.9826546
2037,-226,-13,35.0079384
2037,-226,-13,35.0079384
2034,-225,-18,35.0050278
2034,-225,-18,35.0050278
2033,-226,-10,34.9918442
2033,-226,-10,34.9918442
2036,-226,-14,34.9950752
2036,-226,-14,34.9950752
2035,-225,-11,35.0010033
2039,-225,-14,34.9987869
2039,-225,-14,34.9987869
2036,-227,-11,34.9937744
2036,-227,-11,34.9937744
2037,-224,-14,35.0058708
2037,-224,-14,35.0058708
2040,-226,-13,35.0076981
2040,-226,-13,35.0076981
2038,-227,-15,35.0017929
2038,-227,-15,35.0017929
2035,-225,-15,35.0070496
2038,-224,-10,35.0042305
2038,-224,-10,35.0042305
2036,-225,-12,35.0032043
2036,-225,-12,35.0032043
2034,-227,-14,35.0158653
2034,-227,-14,35.0158653
2037,-225,-13,35.0091438
2037,-225,-13,35.0091438
2039,-229,-11,35.0197029
2039,-229,-11,35.0197029
2039,-226,-13,35.017128
2039,-226,-13,35.017128
2036,-225,-13,35.0299072
2034,-225,-11,35.0263138
2034,-225,-11,35.0263138
2038,-226,-15,35.0396843
2038,-226,-15,35.0396843
2040,-228,-13,35.0351105
2040,-228,-13,35.0351105
2037,-224,-16,35.0475998
2037,-224,-16,35.0475998
2040,-224,-11,35.0512924
2040,-224,-11,35.0512924
2039,-225,-15,35.0515976
2039,-225,-15,35.0515976
2036,-224,-12,35.048851
2039,-223,-11,35.055439
2039,-223,-11,35.055439
2037,-227,-14,35.0538177
2037,-227,-14,35.0538177
2039,-227,-13,35.0599098
2039,-227,-13,35.0599098
2038,-225,-14,35.0427475
2038,-225,-14,35.0427475
2039,-224,-10,35.045414
2039,-224,-10,35.045414
2038,-225,-13,35.0553665
2038,-225,-13,35.0553665
2037,-225,-13,35.0582848
2039,-224,-12,35.0503426
2039,-224,-12,35.0503426
2039,-225,-14,35.0537605
2039,-225,-14,35.0537605
2037,-225,-13,35.0628777
2037,-225,-13,35.0628777
2041,-226,-12,35.0574951
2041,-226,-12,35.0574951
2039,-227,-11,35.0556679
2039,-227,-11,35.0556679
2041,-224,-13,35.0585556
2038,-225,-14,35.058136
2038,-225,-14,35.058136
2039,-227,-12,35.0607758
2039,-227,-12,35.0607758
2039,-230,-13,35.0752296
2039,-230,-13,35.0752296
2036,-228,-14,35.0716286
2036,-228,-14,35.0716286
2042,-225,-10,35.0834846
2042,-225,-10,35.0834846
2041,-225,-12,35.0986862
2041,-225,-12,35.0986862
2038,-227,-14,35.0912323
2041,-225,-13,35.0875435
2041,-225,-13,35.0875435
2041,-227,-10,35.096302
2041,-227,-10,35.096302
2042,-226,-13,35.0845566
2042,-226,-13,35.0845566
2039,-225,-15,35.0785141
2039,-225,-15,35.0785141
2040,-227,-13,35.0911942
2040,-227,-13,35.0911942
2044,-226,-14,35.0995865
2044,-226,-14,35.0995865
2041,-224,-13,35.0980797
2044,-226,-13,35.0921936
2044,-226,-13,35.0921936
2044,-225,-12,35.0793495
2044,-225,-12,35.0793495
2039,-225,-11,35.072319
2039,-225,-11,35.072319
2044,-224,-11,35.062973
2044,-224,-11,35.062973
2041,-228,-11,35.0560722
2041,-228,-11,35.0560722
2041,-225,-11,35.0574074
2041,-225,-11,35.0574074
2041,-224,-11,35.0510635
2039,-226,-15,35.0574303
2039,-226,-15,35.0574303
2041,-225,-11,35.0601425
2045,-226,-13,35.0656013
2045,-226,-13,35.0656013
2044,-224,-14,35.0780602
2044,-224,-14,35.0780602
2043,-229,-14,35.0817261
2043,-229,-14,35.0817261
2042,-226,-12,35.0759697
2040,-225,-13,35.0738068
2040,-225,-13,35.0738068
2044,-226,-11,35.06884
2044,-226,-11,35.06884
2043,-225,-12,35.0613518
2043,-225,-12,35.0613518
2043,-226,-12,35.0485725
2043,-226,-12,35.0485725
2041,-225,-14,35.0491486
2041,-225,-14,35.0491486
2044,-225,-15,35.0421181
2044,-225,-15,35.0421181
2040,-226,-11,35.0388107
2040,-227,-13,35.0313072
2040,-227,-13,35.0313072
2045,-224,-12,35.026062
2045,-224,-12,35.026062
2041,-225,-10,35.0349274
2041,-225,-10,35.0349274
2043,-226,-17,35.0247917
2043,-226,-17,35.0247917
2039,-225,-10,35.0247269
2039,-225,-10,35.0247269
2045,-223,-12,35.018631
2045,-223,-12,35.018631
2041,-226,-14,35.0101242
2042,-228,-13,35.0054893
2042,-228,-13,35.0054893
2042,-227,-13,35.014904
2042,-227,-13,35.014904
2043,-223,-13,35.0158272
2043,-223,-13,35.0158272
2044,-225,-13,35.0076027
2044,-225,-13,35.0076027
2047,-226,-14,35.0077477
2047,-226,-14,35.0077477
2045,-224,-13,35.0124054
2045,-224,-13,35.0124054
2043,-222,-10,35.0105591
2042,-230,-14,35.0013504
2042,-230,-14,35.0013504
2042,-223,-13,35.0126877
2042,-223,-13,35.0126877
2043,-226,-12,35.0032654
2043,-226,-12,35.0032654
2042,-226,-13,35.0023346
2042,-226,-13,35.0023346
2043,-225,-12,34.9954567
2043,-225,-12,34.9954567
2044,-225,-13,34.9786987
2044,-227,-16,34.9772034
2044,-227,-16,34.9772034
2040,-227,-12,34.9728394
2040,-227,-12,34.9728394
2038,-225,-11,34.968914
2038,-225,-11,34.968914
2041,-229,-12,34.9608498
2041,-229,-12,34.9608498
2040,-224,-11,34.9566116
2040,-224,-11,34.9566116
2043,-225,-12,34.9331703
2043,-225,-12,34.9331703
2038,-225,-13,34.9377365
2041,-224,-12,34.9373207
2041,-224,-12,34.9373207
2042,-227,-12,34.946003
2042,-227,-12,34.946003
2042,-226,-9,34.9447594
2042,-226,-9,34.9447594
2040,-229,-14,34.9526978
2040,-229,-14,34.9526978
2041,-228,-9,34.9296494
2041,-228,-9,34.9296494
2039,-225,-10,34.9330597
2039,-225,-10,34.9330597
2038,-225,-15,34.9315987
2043,-225,-16,34.9438744
2043,-225,-16,34.9438744
2041,-224,-12,34.9383125
2041,-224,-12,34.9383125
2040,-227,-11,34.9257622
2040,-227,-11,34.9257622
2039,-227,-12,34.9295616
2039,-227,-12,34.9295616
2036,-226,-11,34.9209061
2036,-226,-11,34.9209061
2039,-226,-12,34.9342499
2039,-226,-12,34.9342499
2039,-225,-13,34.9522972
2040,-225,-11,34.9519348
2040,-225,-11,34.9519348
2041,-225,-10,34.954628
2041,-225,-10,34.954628
2042,-225,-15,34.9555397
2042,-225,-15,34.9555397
2034,-225,-12,34.9488144
2034,-225,-12,34.9488144
2040,-227,-12,34.9397392
2040,-227,-12,34.9397392
2038,-226,-13,34.9361038
2037,-224,-14,34.9403801
2037,-224,-14,34.9403801
2042,-229,-15,34.9246025
2042,-229,-15,34.9246025
2042,-223,-8,34.9239883
2042,-223,-8,34.9239883
2040,-227,-15,34.9294739
2040,-227,-15,34.9294739
2038,-225,-14,34.9359207
2038,-225,-14,34.9359207
2036,-223,-11,34.9387054
2036,-223,-11,34.9387054
2037,-225,-13,34.9381905
2036,-227,-14,34.9377289
2036,-227,-14,34.9377289
2037,-226,-13,34.9493904
2037,-226,-13,34.9493904
2035,-226,-13,34.9447899
2035,-226,-13,34.9447899
2040,-225,-14,34.9451752
2040,-225,-14,34.9451752
2040,-225,-10,34.9409943
2040,-225,-10,34.9409943
2036,-226,-12,34.9432716
2036,-226,-12,34.9432716
2038,-228,-12,34.9453201
2039,-227,-15,34.941124
2039,-227,-15,34.941124
2038,-226,-12,34.9464073
2038,-226,-12,34.9464073
2037,-226,-8,34.9541817
2037,-226,-8,34.9541817
2039,-226,-15,34.9551392
2039,-226,-15,34.9551392
2033,-222,-13,34.9575119
2033,-222,-13,34.9575119
2033,-227,-19,34.9611549
2033,-227,-19,34.9611549
2042,-228,-9,34.967453
2035,-223,-13,34.9776497
2035,-223,-13,34.9776497
2038,-229,-13,34.9822998
2038,-229,-13,34.9822998
2038,-227,-11,34.9789352
2038,-227,-11,34.9789352
2041,-226,-14,34.9834557
2041,-226,-14,34.9834557
2035,-228,-8,34.9799767
2035,-228,-8,34.9799767
2038,-226,-14,34.9798622
2038,-225,-12,34.9933472
2038,-225,-12,34.9933472
2036,-228,-13,34.9843483
2036,-228,-13,34.9843483
2036,-227,-13,34.9898376
2036,-227,-13,34.9898376
2037,-226,-11,34.9917564
2037,-226,-11,34.9917564
2037,-227,-14,34.9995232
2037,-227,-14,34.9995232
2039,-226,-12,34.9989662
2039,-226,-12,34.9989662
2038,-227,-11,34.9984665
2036,-226,-11,35.0070724
2036,-226,-11,35.0070724
2034,-229,-13,35.0087814
2034,-229,-13,35.0087814
2036,-226,-11,35.0118256
2036,-226,-11,35.0118256
2039,-227,-12,35.0130577
2039,-227,-12,35.0130577
2035,-225,-13,35.0186958
2035,-225,-13,35.0186958
2039,-225,-13,35.0147095
2039,-225,-13,35.0147095
2037,-225,-12,35.009613
2037,-225,-10,35.0155945
2037,-225,-10,35.0155945
2039,-228,-11,35.0194702
2039,-228,-11,35.0194702
2036,-227,-16,35.0259781
2036,-227,-16,35.0259781
2037,-224,-13,35.0212669
2037,-224,-13,35.0212669
2037,-226,-14,35.0426903
2037,-226,-14,35.0426903
2038,-225,-13,35.0483818
2038,-225,-13,35.0483818
2040,-227,-12,35.0429382
2040,-229,-12,35.0591736
2040,-229,-12,35.0591736
2038,-225,-13,35.0586891
2038,-225,-13,35.0586891
2035,-227,-14,35.0522156
2035,-227,-14,35.0522156
2039,-224,-11,35.0524292
2039,-224,-11,35.0524292
2037,-227,-9,35.0465813
2037,-227,-9,35.0465813
2039,-227,-13,35.0518837
2037,-227,-14,35.0475998
2037,-227,-14,35.0475998
2036,-227,-11,35.0331764
2036,-227,-11,35.0331764
2040,-226,-14,35.0292549
2040,-226,-14,35.0292549
2037,-223,-15,35.0227051
2037,-223,-15,35.0227051
2038,-223,-12,35.0153008
2038,-223,-12,35.0153008
2038,-225,-11,35.0207138
2038,-225,-11,35.0207138
2038,-226,-12,35.0165291
2040,-226,-13,35.0384254
2040,-226,-13,35.0384254
2038,-224,-15,35.0445442
2038,-224,-15,35.0445442
2038,-226,-12,35.0606194
2038,-226,-12,35.0606194
2043,-226,-11,35.0494232
2043,-226,-11,35.0494232
2037,-223,-12,35.0408554
2037,-223,-12,35.0408554
2039,-224,-14,35.0286179
2039,-224,-14,35.0286179
2040,-226,-12,35.0266609
2036,-229,-13,35.0445251
2036,-229,-13,35.0445251
2042,-226,-14,35.0319176
2042,-226,-14,35.0319176
2042,-225,-14,35.0251007
2042,-225,-14,35.0251007
2040,-224,-11,35.0340652
2040,-224,-11,35.0340652
2039,-224,-12,35.0179787
2039,-224,-12,35.0179787
2039,-224,-14,35.0276527
2039,-224,-14,35.0276527
2038,-227,-13,35.0182457
2040,-223,-14,35.0158157
2040,-223,-14,35.0158157
2044,-227,-9,35.022686
2044,-227,-9,35.022686
2040,-226,-14,35.0198135
2040,-226,-14,35.0198135
2038,-226,-12,35.0232658
2038,-226,-12,35.0232658
2033,-225,-19,35.0248642
2033,-225,-19,35.0248642
2039,-220,-12,35.0263023
2039,-225,-14,35.0170288
2039,-225,-14,35.0170288
2037,-223,-16,35.0222702
2037,-223,-16,35.0222702
2041,-225,-14,35.0345345
2041,-225,-14,35.0345345
2041,-225,-15,35.0304756
2041,-225,-15,35.0304756
2039,-226,-10,35.031353
2039,-226,-10,35.031353
2038,-226,-13,35.0276146
2038,-226,-13,35.0276146
2039,-227,-13,35.0514221
2041,-226,-14,35.0668106
2041,-226,-14,35.0668106
2037,-225,-15,35.0625458
2037,-225,-15,35.0625458
2040,-224,-13,35.0541763
2040,-224,-13,35.0541763
2041,-224,-9,35.0602303
2041,-224,-9,35.0602303
2042,-228,-11,35.0566216
2042,-228,-11,35.0566216
2039,-226,-10,35.0563927
2039,-226,-10,35.0563927
2041,-229,-11,35.0290146
2040,-228,-15,35.0239983
2040,-228,-15,35.0239983
2044,-225,-16,35.0164642
2044,-225,-16,35.0164642
2041,-229,-13,35.0127029
2041,-229,-13,35.0127029
2024,-220,-14,35.0138474
2024,-220,-14,35.0138474
2041,-229,-14,35.0103493
2041,-229,-14,35.0103493
2044,-227,-12,35.0177689
2044,-227,-12,35.0177689
2040,-223,-21,35.0108566
2040,-228,-11,35.0106735
2040,-228,-11,35.0106735
2039,-231,-8,35.0105095
2039,-231,-8,35.0105095
2037,-227,-14,35.0058365
2037,-227,-14,35.0058365
2040,-227,-10,35.0016289
2040,-227,-10,35.0016289
2038,-224,-16,35.0008621
2038,-224,-16,35.0008621
2040,-226,-13,34.994133
2043,-224,-13,35.0031738
2043,-224,-13,35.0031738
2041,-222,-14,35.0082893
2041,-222,-14,35.0082893
2040,-222,-14,35.0083656
2040,-222,-14,35.0083656
2041,-225,-13,35.0099449
2041,-225,-13,35.0099449
2041,-228,-9,35.0053253
2041,-228,-9,35.0053253
2036,-228,-11,35.0041885
2036,-228,-11,35.0041885
2043,-226,-14,34.9941063
2040,-223,-13,34.9986191
2040,-223,-13,34.9986191
2041,-223,-15,34.9936218
2041,-223,-15,34.9936218
2042,-225,-14,34.9906349
2042,-225,-14,34.9906349
2040,-227,-14,34.9924774
2040,-227,-14,34.9924774
2039,-228,-8,34.9896049
2039,-228,-8,34.9896049
2040,-227,-13,34.9840012
2040,-227,-13,34.9840012
2039,-225,-15,34.9774475
2039,-227,-14,34.9821167
2039,-227,-14,34.9821167
2042,-223,-13,34.9787712
2042,-223,-13,34.9787712
2045,-223,-15,34.9742508
2045,-223,-15,34.9742508
2042,-223,-13,34.9732018
2042,-223,-13,34.9732018
2042,-225,-8,34.9586716
2042,-225,-8,34.9586716
2038,-228,-15,34.9501228
2038,-228,-15,34.9501228
2039,-227,-9,34.9529953
2038,-228,-11,34.963131
2038,-228,-11,34.963131
2045,-228,-12,34.9435692
2045,-228,-12,34.9435692
2042,-224,-11,34.9440765
2042,-224,-11,34.9440765
2041,-225,-13,34.950573
2041,-225,-13,34.950573
2039,-226,-11,34.9413223
2039,-226,-11,34.9413223
2040,-227,-16,34.9435654
2038,-226,-10,34.9440727
2038,-226,-10,34.9440727
2037,-226,-14,34.9445305
2037,-226,-14,34.9445305
2039,-225,-13,34.9494743
2039,-225,-13,34.9494743
2041,-226,-14,34.9478836
2041,-226,-14,34.9478836
2038,-227,-15,34.9479599
2038,-227,-15,34.9479599
2040,-224,-11,34.9253845
2040,-224,-11,34.9253845
2039,-228,-13,34.9277115
2039,-227,-10,34.9479218
2039,-227,-10,34.9479218
2038,-228,-14,34.9495049
2038,-228,-14,34.9495049
2040,-224,-11,34.953949
2040,-224,-11,34.953949
2040,-226,-12,34.9519119
2040,-226,-12,34.9519119
2040,-228,-15,34.9530983
2040,-228,-15,34.9530983
2038,-224,-10,34.9556732
2038,-224,-10,34.9556732
2038,-225,-12,34.9655418
2038,-227,-11,34.9487572
2038,-227,-11,34.9487572
2039,-224,-11,34.956295
2039,-224,-11,34.956295
2039,-227,-12,34.951004
2039,-227,-12,34.951004
2040,-228,-11,34.920578
2040,-228,-11,34.920578
2039,-226,-14,34.9430122
2039,-226,-14,34.9430122
2040,-225,-16,34.9481049
2040,-225,-16,34.9481049
2036,-224,-16,34.9647675
2036,-226,-13,34.9450417
2036,-226,-13,34.9450417
2040,-224,-13,34.9544601
2040,-224,-13,34.9544601
2039,-226,-11,34.9523697
2039,-226,-11,34.9523697
2037,-228,-13,34.9550171
2037,-228,-13,34.9550171
2038,-224,-12,34.9528732
2038,-224,-12,34.9528732
2039,-225,-16,34.9479218
2040,-225,-13,34.9449768
2040,-225,-13,34.9449768
2036,-224,-12,34.9377975
2036,-224,-12,34.9377975
2036,-227,-12,34.9524727
2036,-227,-12,34.9524727
2035,-227,-9,34.9520912
2035,-227,-9,34.9520912
2037,-228,-14,34.960804
2037,-228,-14,34.960804
2037,-224,-12,34.964119
2037,-224,-12,34.964119
2038,-226,-11,34.9610634
2039,-225,-14,34.9658623
2039,-225,-14,34.9658623
2038,-226,-12,34.9671593
2038,-226,-12,34.9671593
2039,-226,-15,34.9653091
2039,-226,-15,34.9653091
2036,-225,-13,34.968174
2036,-225,-13,34.968174
2036,-228,-12,34.9873581
2036,-228,-12,34.9873581
2039,-229,-12,34.9849968
2039,-229,-12,34.9849968
2037,-222,-12,34.9858932
2037,-226,-14,34.9776421
2037,-226,-14,34.9776421
2039,-228,-13,34.9807816
2039,-228,-13,34.9807816
2036,-225,-13,34.9866257
2036,-225,-13,34.9866257
2035,-226,-13,34.9933968
2035,-226,-13,34.9933968
2036,-225,-8,34.9843941
2036,-225,-8,34.9843941
2037,-225,-14,34.9913902
2037,-225,-14,34.9913902
2037,-225,-14,34.9886284
2035,-225,-12,34.9876518
2035,-225,-12,34.9876518
2038,-224,-12,34.9852638
2038,-224,-12,34.9852638
2037,-228,-13,34.993679
2037,-228,-13,34.993679
2036,-228,-11,34.996727
2036,-228,-11,34.996727
2035,-229,-16,34.9964485
2035,-229,-16,34.9964485
2036,-225,-13,35.0097847
2039,-225,-12,35.0051842
2039,-225,-12,35.0051842
2035,-224,-12,35.0101013
2035,-224,-12,35.0101013
2040,-229,-15,35.020565
2040,-229,-15,35.020565
2038,-223,-12,35.0179024
2038,-223,-12,35.0179024
2036,-226,-12,35.0245667
2036,-226,-12,35.0245667
2037,-224,-14,35.0064087
2037,-224,-14,35.0064087
2037,-226,-14,35.0187492
2035,-229,-11,35.028347
2035,-229,-11,35.028347
2039,-225,-9,35.0294342
2039,-225,-9,35.0294342
2034,-226,-13,35.0409813
2034,-226,-13,35.0409813
2028,-223,-13,35.0453377
2028,-223,-13,35.0453377
2043,-227,-13,35.0492592
2043,-227,-13,35.0492592
2036,-229,-11,35.0407104
2036,-229,-11,35.0407104
2039,-226,-12,35.0466003
2038,-225,-11,35.0398254
2038,-225,-11,35.0398254
2043,-226,-9,35.0442963
2043,-226,-9,35.0442963
2037,-229,-17,35.0437889
2037,-229,-17,35.0437889
2035,-222,-11,35.0569229
2035,-222,-11,35.0569229
2043,-226,-13,35.0491142
2043,-226,-13,35.0491142
2039,-227,-10,35.0526581
2039,-227,-10,35.0526581
2038,-226,-16,35.0543365
2040,-225,-13,35.0498085
2040,-225,-13,35.0498085
2039,-225,-13,35.0472412
2039,-225,-13,35.0472412
2036,-226,-14,35.0539894
2036,-226,-14,35.0539894
2039,-227,-10,35.0661011
2039,-227,-10,35.0661011
2040,-227,-14,35.0724716
2040,-227,-14,35.0724716
2038,-227,-10,35.0721664
2038,-226,-14,35.0688744
2038,-226,-14,35.0688744
2040,-227,-14,35.0764809
2040,-227,-14,35.0764809
2035,-225,-12,35.080307
2035,-225,-12,35.080307
2037,-227,-11,35.0701599
2037,-227,-11,35.0701599
2037,-226,-15,35.0655594
2037,-226,-15,35.0655594
2043,-228,-14,35.0583992
2043,-228,-14,35.0583992
2040,-226,-11,35.0549736
2037,-226,-14,35.0549088
2037,-226,-14,35.0549088
2038,-224,-14,35.0578728
2038,-224,-14,35.0578728
2039,-228,-12,35.057518
2039,-228,-12,35.057518
2041,-223,-14,35.0647469
2041,-223,-14,35.0647469
2039,-226,-14,35.060688
2039,-226,-14,35.060688
2042,-224,-16,35.0570335
2042,-224,-16,35.0570335
2040,-226,-15,35.0537453
2042,-226,-9,35.0568237
2042,-226,-9,35.0568237
2040,-228,-12,35.0641212
2040,-228,-12,35.0641212
2041,-224,-12,35.0601234
2041,-224,-12,35.0601234
2041,-226,-12,35.0459557
2041,-226,-12,35.0459557
2040,-222,-14,35.0498123
2040,-222,-14,35.0498123
2041,-225,-12,35.0442276
2041,-225,-12,35.0442276
2041,-222,-15,35.0391998
2042,-228,-12,35.0392036
2042,-228,-12,35.0392036
2040,-226,-10,35.0482635
2040,-226,-10,35.0482635
2040,-225,-13,35.05793
2040,-225,-13,35.05793
2039,-228,-14,35.0575714
2039,-228,-14,35.0575714
2039,-223,-14,35.0557365
2039,-223,-14,35.0557365
2048,-222,-31,35.0450287
2041,-217,-19,35.0459595
2041,-217,-19,35.0459595
2042,-218,-11,35.0483055
2042,-218,-11,35.0483055
2040,-223,-21,35.0458908
2040,-223,-21,35.0458908
2042,-224,-11,35.0301285
2042,-224,-11,35.0301285
2036,-225,-10,35.0265121
2036,-225,-10,35.0265121
2039,-227,-16,35.0323143
2039,-227,-16,35.0323143
2042,-228,-10,35.0284767
2041,-226,-14,35.0189857
2041,-226,-14,35.0189857
2043,-224,-10,35.022522
2043,-224,-10,35.022522
2045,-228,-17,35.022686
2045,-228,-17,35.022686
2041,-225,-8,35.0167923
2041,-225,-8,35.0167923
2031,-225,-9,35.0129967
2031,-225,-9,35.0129967
2038,-229,-10,35.0201492
2038,-229,-10,35.0201492
2039,-226,-14,35.0205498
2039,-229,-14,35.0148697
2039,-229,-14,35.0148697
2043,-227,-7,35.0188179
2043,-227,-7,35.0188179
2039,-227,-17,35.0450134
2039,-227,-17,35.0450134
2039,-226,-10,35.0383987
2039,-226,-10,35.0383987
2039,-228,-14,35.0248947
2039,-228,-14,35.0248947
2041,-229,-14,35.021801
2041,-229,-14,35.021801
2037,-226,-12,35.0280762
2039,-224,-12,35.020134
2039,-224,-12,35.020134
2041,-226,-12,35.0099678
2041,-226,-12,35.0099678
2042,-228,-17,35.0083656
2042,-228,-17,35.0083656
2041,-223,-11,35.000885
2041,-223,-11,35.000885
2043,-228,-13,34.9971733
2043,-228,-13,34.9971733
2039,-224,-11,35.0149689
2041,-224,-15,35.012867
2041,-224,-15,35.012867
2040,-225,-11,35.0079575
2040,-225,-11,35.0079575
2039,-227,-12,35.0005188
2039,-227,-12,35.0005188
2042,-226,-16,34.9892921
2042,-226,-16,34.9892921
2043,-225,-11,34.9882469
2043,-225,-11,34.9882469
2043,-227,-14,34.9888191
2043,-227,-14,34.9888191
2042,-224,-14,34.9893341
2042,-228,-14,34.9928169
2042,-228,-14,34.9928169
2036,-225,-11,34.9914207
2036,-225,-11,34.9914207
2040,-226,-13,34.9886551
2040,-226,-13,34.9886551
2038,-227,-13,34.981636
2038,-227,-13,34.981636
2044,-226,-16,34.984375
2044,-226,-16,34.984375
2041,-224,-13,34.9747658
2041,-224,-13,34.9747658
2041,-225,-10,34.9676285
2038,-226,-13,34.9672432
2038,-226,-13,34.9672432
2043,-229,-13,34.9684029
2043,-229,-13,34.9684029
2037,-225,-16,34.9528427
2037,-225,-16,34.9528427
2040,-223,-13,34.9463844
2040,-223,-13,34.9463844
2040,-226,-11,34.9496307
2040,-226,-11,34.9496307
2040,-227,-17,34.9631195
2040,-227,-17,34.9631195
2043,-225,-10,34.9631844
2041,-226,-13,34.9587135
2041,-226,-13,34.9587135
2040,-227,-12,34.9622383
2040,-227,-12,34.9622383
2037,-226,-11,34.957859
2037,-226,-11,34.957859
2038,-227,-10,34.9614677
2038,-227,-10,34.9614677
2040,-225,-13,34.960186
2040,-225,-13,34.960186
2037,-226,-14,34.9560127
2040,-225,-14,34.9598083
2040,-225,-14,34.9598083
2041,-225,-13,34.9511452
2041,-225,-13,34.9511452
2037,-225,-12,34.9584465
2037,-225,-12,34.9584465
2037,-222,-17,34.9574661
2037,-222,-17,34.9574661
2041,-226,-11,34.9535675
2041,-226,-11,34.9535675
2036,-224,-12,34.9576073
2036,-224,-12,34.9576073
2038,-225,-13,34.9567108
2041,-225,-11,34.9543953
2041,-225,-11,34.9543953
2037,-229,-11,34.9477844
2037,-229,-11,34.9477844
2036,-225,-13,34.9539108
2036,-225,-13,34.9539108
2041,-227,-12,34.9398003
2041,-227,-12,34.9398003
2037,-225,-14,34.9542732
2037,-225,-14,34.9542732
2038,-225,-11,34.9582405
2038,-225,-11,34.9582405
2038,-226,-12,34.9482231
2036,-226,-13,34.9558144
2036,-226,-13,34.9558144
2041,-227,-11,34.9686852
2041,-227,-11,34.9686852
2038,-227,-12,34.9606438
2038,-227,-12,34.9606438
2037,-226,-14,34.963974
2037,-226,-14,34.963974
2037,-225,-12,34.9594231
2037,-225,-12,34.9594231
2037,-224,-12,34.9538193
2037,-224,-12,34.9538193
2039,-224,-11,34.959343
2034,-225,-15,34.9537468
2034,-225,-15,34.9537468
2042,-225,-15,34.9562569
2042,-225,-15,34.9562569
2042,-228,-10,34.963047
2042,-228,-10,34.963047
2034,-227,-15,34.9540596
2034,-227,-15,34.9540596
2036,-227,-11,34.9686165
2036,-227,-11,34.9686165
2034,-228,-12,34.9605827
2036,-224,-20,34.9639206
2036,-224,-20,34.9639206
2036,-224,-10,34.9639053
2036,-224,-10,34.9639053
2038,-226,-13,34.9623795
2038,-226,-13,34.9623795
2046,-229,-13,34.9594994
2046,-229,-13,34.9594994
2040,-224,-15,34.98106
2040,-224,-15,34.98106
2035,-223,-11,34.9868774
2035,-223,-11,34.9868774
2037,-231,-11,34.9815483
2036,-225,-16,34.9827881
2036,-225,-16,34.9827881
2036,-226,-10,34.9974899
2036,-226,-10,34.9974899
2040,-227,-13,34.9941177
2040,-227,-13,34.9941177
2038,-225,-13,35.0016479
2038,-225,-13,35.0016479
2037,-225,-11,35.0038986
2037,-225,-11,35.0038986
2040,-226,-15,35.0013924
2040,-226,-15,35.0013924
2037,-223,-11,35.0036697
2035,-226,-13,35.002697
2035,-226,-13,35.002697
2038,-224,-14,35.0078621
2038,-224,-14,35.0078621
2034,-225,-13,34.9974136
2034,-225,-13,34.9974136
2038,-227,-16,35.0031052
2038,-227,-16,35.0031052
2039,-225,-13,34.9855843
2039,-225,-13,34.9855843
2041,-225,-13,34.980381
2041,-225,-13,34.980381
2040,-224,-12,34.9772072
2037,-227,-11,34.9909592
2037,-227,-11,34.9909592
2034,-224,-13,35.0078659
2034,-224,-13,35.0078659
2039,-228,-12,35.0034561
2039,-228,-12,35.0034561
2037,-227,-9,35.0085449
2037,-227,-9,35.0085449
2038,-224,-15,35.0116158
2038,-224,-15,35.0116158
2040,-226,-13,35.0038109
2045,-227,-14,35.0028267
2045,-227,-14,35.0028267
2041,-222,-14,35.0004272
2041,-222,-14,35.0004272
2035,-226,-13,34.9997787
2035,-226,-13,34.9997787
2039,-224,-11,35.0127831
2039,-224,-11,35.0127831
2037,-226,-16,35.0214653
2037,-226,-16,35.0214653
2037,-226,-12,35.027771
2037,-226,-12,35.027771
2038,-229,-12,35.0228806
2042,-225,-14,35.0184784
2042,-225,-14,35.0184784
2038,-223,-12,35.0265923
2038,-223,-12,35.0265923
2037,-225,-12,35.0429535
2037,-225,-12,35.0429535
2038,-224,-13,35.0350342
2038,-224,-13,35.0350342
2037,-228,-11,35.0263977
2037,-228,-11,35.0263977
2037,-223,-11,35.0352325
2037,-223,-11,35.0352325
2038,-226,-12,35.0341225
2039,-227,-15,35.0331268
2039,-227,-15,35.0331268
2037,-225,-12,35.0503464
2037,-225,-12,35.0503464
2040,-226,-14,35.0522537
2040,-226,-14,35.0522537
2035,-224,-9,35.0479317
2035,-224,-9,35.0479317
2040,-227,-12,35.0546112
2040,-227,-12,35.0546112
2041,-227,-10,35.0515633
2041,-227,-10,35.0515633
2038,-227,-13,35.0458031
2040,-223,-14,35.0451469
2040,-223,-14,35.0451469
2041,-226,-14,35.038517
2041,-226,-14,35.038517
2041,-226,-11,35.0370789
2041,-226,-11,35.0370789
2042,-223,-9,35.0372963
2042,-223,-9,35.0372963
2041,-223,-14,35.0148468
2041,-223,-14,35.0148468
2040,-223,-11,35.0218163
2041,-227,-9,35.0144997
2041,-227,-9,35.0144997
2038,-225,-14,35.0154648
2038,-225,-14,35.0154648
2039,-226,-14,35.0163345
2039,-226,-14,35.0163345
2040,-228,-13,35.0080566
2040,-228,-13,35.0080566
2043,-227,-14,35.0051346
2043,-227,-14,35.0051346
2037,-226,-14,35.0100555
2037,-226,-14,35.0100555
2041,-228,-13,35.0175018
2039,-226,-10,35.0272255
2039,-226,-10,35.0272255
2038,-225,-12,35.0450325
2038,-225,-12,35.0450325
2040,-223,-12,35.038414
2040,-223,-12,35.038414
2039,-225,-15,35.0369873
2039,-225,-15,35.0369873
2041,-224,-15,35.043251
2041,-224,-15,35.043251
2044,-223,-12,35.0383224
2044,-223,-12,35.0383224
2032,-226,-13,35.0414314
2042,-227,-13,35.0321541
2042,-227,-13,35.0321541
2041,-225,-11,35.0343742
2041,-225,-11,35.0343742
2040,-224,-14,35.0363693
2040,-224,-14,35.0363693
2043,-225,-15,35.038166
2043,-225,-15,35.038166
2039,-224,-12,35.0322342
2039,-224,-12,35.0322342
2043,-223,-9,35.0163307
2043,-223,-9,35.0163307
2040,-224,-14,35.0156021
2042,-226,-11,35.0058899
2042,-226,-11,35.0058899
2037,-226,-11,34.9805412
2037,-226,-11,34.9805412
2039,-224,-12,34.9833908
2039,-224,-12,34.9833908
2039,-226,-13,34.9844475
2039,-226,-13,34.9844475
2038,-227,-12,34.9838867
2038,-227,-12,34.9838867
2042,-225,-12,34.9743233
2041,-227,-12,34.9853439
2041,-227,-12,34.9853439
2039,-226,-12,34.9877129
2039,-226,-12,34.9877129
2037,-224,-13,34.9913559
2037,-224,-13,34.9913559
2042,-227,-13,34.9825592
2042,-227,-13,34.9825592
2039,-224,-12,34.9806786
2039,-224,-12,34.9806786
2041,-224,-14,34.9699287
2041,-224,-14,34.9699287
2043,-223,-13,34.9481773
2040,-226,-15,34.9497375
2040,-226,-15,34.9497375
2039,-228,-10,34.9496307
2039,-228,-10,34.9496307
2041,-226,-13,34.9510422
2041,-226,-13,34.9510422
2038,-225,-15,34.9462738
2038,-225,-15,34.9462738
2039,-227,-9,34.9465103
2039,-227,-9,34.9465103
2041,-229,-12,34.9452171
2041,-229,-12,34.9452171
2039,-226,-11,34.9546204
2040,-225,-13,34.9570427
2040,-225,-13,34.9570427
2040,-225,-13,34.9456367
2040,-225,-13,34.9456367
2038,-227,-12,34.9398994
2038,-227,-12,34.9398994
2039,-227,-14,34.9271889
2039,-227,-14,34.9271889
2039,-227,-13,34.9368858
2039,-227,-13,34.9368858
2038,-224,-13,34.9516525
2038,-224,-13,34.9516525
2038,-229,-13,34.9392738
2040,-225,-13,34.9432297
2040,-225,-13,34.9432297
2040,-225,-15,34.9467926
2040,-225,-15,34.9467926
2040,-228,-13,34.9545288
2040,-228,-13,34.9545288
2039,-226,-12,34.9539413
2039,-226,-12,34.9539413
2035,-225,-12,34.9307671
2035,-225,-12,34.9307671
2037,-224,-13,34.9401054
2041,-225,-11,34.9364319
2041,-225,-11,34.9364319
2039,-224,-12,34.9361458
2039,-224,-12,34.9361458
2039,-227,-12,34.919281
2039,-227,-12,34.919281
2035,-225,-15,34.9297676
2035,-225,-15,34.9297676
2038,-225,-11,34.9301491
2038,-225,-11,34.9301491
2037,-224,-13,34.9350204
2037,-224,-13,34.9350204
2034,-225,-10,34.9469528
2038,-225,-12,34.9546738
2038,-225,-12,34.9546738
2038,-226,-11,34.9555817
2038,-226,-11,34.9555817
2037,-225,-11,34.9503593
2037,-225,-11,34.9503593
2040,-224,-15,34.9547195
2040,-224,-15,34.9547195
2039,-226,-11,34.9556236
2039,-226,-11,34.9556236
2036,-225,-15,34.9579468
2036,-225,-15,34.9579468
2035,-228,-14,34.9509773
2038,-225,-10,34.9522552
2038,-225,-10,34.9522552
2038,-225,-12,34.950386
2038,-225,-12,34.950386
2040,-225,-10,34.9396477
2040,-225,-10,34.9396477
2036,-223,-12,34.9435692
2036,-223,-12,34.9435692
2036,-229,-12,34.9455872
2036,-229,-12,34.9455872
2039,-226,-12,34.9504242
2039,-226,-12,34.9504242
2038,-224,-11,34.9562874
2037,-227,-10,34.9570351
2037,-227,-10,34.9570351
2039,-224,-12,34.9561958
2039,-224,-12,34.9561958
2037,-224,-14,34.9614792
2037,-224,-14,34.9614792
2039,-228,-15,34.9798241
2039,-228,-15,34.9798241
2039,-227,-10,34.9887848
2039,-227,-10,34.9887848
2038,-225,-11,34.9862823
2036,-225,-13,34.9870491
2036,-225,-13,34.9870491
2038,-225,-13,34.9952888
2038,-225,-13,34.9952888
2032,-227,-14,34.9921379
2032,-227,-14,34.9921379
2035,-228,-13,34.9908104
2035,-228,-13,34.9908104
2037,-228,-10,35.0001831
2037,-228,-10,35.0001831
2036,-224,-11,34.9844627
2036,-224,-11,34.9844627
2038,-222,-12,34.9899406
2038,-227,-15,34.9963799
2038,-227,-15,34.9963799
2037,-226,-14,34.9976463
2037,-226,-14,34.9976463
2036,-226,-12,34.9972763
2036,-226,-12,34.9972763
2039,-226,-13,34.9969444
2039,-226,-13,34.9969444
2037,-227,-10,35.0026855
2037,-227,-10,35.0026855
2033,-225,-13,35.0153999
2033,-225,-13,35.0153999
2035,-226,-11,35.0223122
2038,-227,-11,35.014946
2038,-227,-11,35.014946
2035,-227,-14,35.0158653
2035,-227,-14,35.0158653
2034,-222,-13,35.0182037
2034,-222,-13,35.0182037
2040,-229,-13,35.0157776
2040,-229,-13,35.0157776
2037,-226,-13,35.0045357
2037,-226,-13,35.0045357
2035,-224,-15,35.008007
2035,-224,-15,35.008007
2037,-226,-14,35.003582
2039,-227,-15,35.0131874
2039,-227,-15,35.0131874
2039,-226,-14,35.0203209
2039,-226,-14,35.0203209
2036,-225,-12,35.0237236
2036,-225,-12,35.0237236
2036,-226,-14,35.0237656
2036,-226,-14,35.0237656
2036,-227,-14,35.017765
2036,-227,-14,35.017765
2036,-225,-14,35.0214233
2039,-225,-13,35.0232048
2039,-225,-13,35.0232048
2035,-229,-11,35.0233002
2035,-229,-11,35.0233002
2039,-226,-11,35.0294228
2039,-226,-11,35.0294228
2039,-225,-10,35.0379524
2039,-225,-10,35.0379524
2039,-228,-12,35.0441208
2039,-228,-12,35.0441208
2039,-226,-11,35.0421219
2039,-226,-11,35.0421219
2037,-226,-11,35.0433426
2040,-226,-11,35.0429306
2040,-226,-11,35.0429306
2037,-224,-15,35.0395432
2037,-224,-15,35.0395432
2045,-226,-13,35.056118
2045,-226,-13,35.056118
2040,-226,-11,35.0649986
2040,-226,-11,35.0649986
2040,-225,-14,35.0639343
2040,-225,-14,35.0639343
2040,-228,-10,35.0690155
2040,-228,-10,35.0690155
2040,-227,-13,35.0766068
2042,-230,-13,35.0728683
2042,-230,-13,35.0728683
2036,-230,-10,35.0755424
2036,-230,-10,35.0755424
2038,-227,-11,35.0749321
2038,-227,-11,35.0749321
2041,-227,-11,35.0668335
2041,-227,-11,35.0668335
2038,-227,-13,35.0444489
2038,-227,-13,35.0444489
2041,-223,-13,35.0393982
2041,-223,-13,35.0393982
2037,-223,-16,35.0408936
2038,-225,-13,35.0497856
2038,-225,-13,35.0497856
2040,-225,-14,35.0411835
2040,-225,-14,35.0411835
2037,-227,-13,35.0394783
2037,-227,-13,35.0394783
2047,-229,-7,35.0439835
2047,-229,-7,35.0439835
2038,-229,-7,35.0344505
2038,-229,-7,35.0344505
2045,-229,-11,35.0303993
2043,-227,-13,35.0267563
2043,-227,-13,35.0267563
2042,-225,-13,35.0264969
2042,-225,-13,35.0264969
2039,-222,-18,35.0353203
2039,-222,-18,35.0353203
2040,-228,-10,35.032692
2040,-228,-10,35.032692
2039,-228,-11,35.0378761
2039,-228,-11,35.0378761
2038,-229,-15,35.0365028
2038,-229,-15,35.0365028
2041,-229,-12,35.0413055
2041,-225,-13,35.0365715
2041,-225,-13,35.0365715
2040,-228,-12,35.0323105
2040,-228,-12,35.0323105
2039,-227,-14,35.0360222
2039,-227,-14,35.0360222
2039,-226,-13,35.0438919
2039,-226,-13,35.0438919
2040,-226,-11,35.0600319
2040,-226,-11,35.0600319
2037,-228,-15,35.0594635
2037,-228,-15,35.0594635
2038,-225,-12,35.0483818
2039,-226,-13,35.0595436
2039,-226,-13,35.0595436
2040,-225,-15,35.0529861
2040,-225,-15,35.0529861
2040,-224,-10,35.0440636
2040,-224,-10,35.0440636
2039,-227,-13,35.0390511
2039,-227,-13,35.0390511
2036,-227,-11,35.0405807
2036,-227,-11,35.0405807
2040,-225,-14,35.037426
2040,-225,-14,35.037426
2038,-227,-14,35.0270386
2037,-225,-12,35.0267487
2037,-225,-12,35.0267487
2039,-227,-12,35.0355453
2039,-227,-12,35.0355453
2041,-227,-13,35.0404434
2041,-227,-13,35.0404434
2041,-225,-13,35.0342827
2041,-225,-13,35.0342827
2041,-229,-13,35.0393066
2041,-229,-13,35.0393066
2040,-227,-15,35.039299
2037,-226,-14,35.0287247
2037,-226,-14,35.0287247
2040,-228,-16,35.0161896
2040,-228,-16,35.0161896
2039,-224,-14,35.0154762
2039,-224,-14,35.0154762
2038,-224,-12,35.0208702
2038,-224,-12,35.0208702
2036,-224,-11,35.0196877
2036,-224,-11,35.0196877
2033,-232,-13,35.0110741
2033,-232,-13,35.0110741
2043,-226,-7,35.0093613
2043,-228,-21,35.0108414
2043,-228,-21,35.0108414
2037,-224,-5,35.0076408
2037,-224,-5,35.0076408
2040,-221,-17,35.0002327
2040,-221,-17,35.0002327
2039,-226,-13,34.9799767
2039,-226,-13,34.9799767
2041,-225,-9,34.9753342
2041,-225,-9,34.9753342
2037,-228,-16,34.9817238
2037,-228,-16,34.9817238
2036,-225,-9,34.988987
2040,-224,-11,34.9864655
2040,-224,-11,34.9864655
2042,-229,-12,34.9841957
2042,-229,-12,34.9841957
2037,-225,-13,34.9761124
2037,-225,-13,34.9761124
2038,-226,-12,34.971859
2038,-226,-12,34.971859
2045,-230,-11,34.9846344
2045,-230,-11,34.9846344
2040,-228,-15,34.9916039
2040,-228,-15,34.9916039
2037,-226,-10,34.9903297
2035,-228,-10,34.9967308
2035,-228,-10,34.9967308
2043,-227,-11,34.9828644
2043,-227,-11,34.9828644
2041,-220,-18,34.9809532
2041,-220,-18,34.9809532
2037,-223,-13,34.9701767
2037,-223,-13,34.9701767
2045,-228,-12,34.9604759
2045,-228,-12,34.9604759
2039,-226,-14,34.9291
2040,-228,-13,34.9416237
2040,-228,-13,34.9416237
2038,-225,-8,34.9453468
2038,-225,-8,34.9453468
2042,-226,-12,34.9592667
2042,-226,-12,34.9592667
2033,-223,-13,34.9612236
2033,-223,-13,34.9612236
2041,-223,-15,34.9644966
2041,-223,-15,34.9644966
2039,-226,-13,34.9644241
2039,-226,-13,34.9644241
2042,-224,-14,34.9658661
2045,-227,-15,34.9732018
2045,-227,-15,34.9732018
2036,-227,-12,34.9782982
2036,-227,-12,34.9782982
2041,-226,-13,34.9768448
2041,-226,-13,34.9768448
2037,-225,-17,34.9725189
2037,-225,-17,34.9725189
2039,-223,-17,34.9716415
2039,-223,-17,34.9716415
2038,-224,-13,34.9633026
2038,-224,-13,34.9633026
2041,-223,-12,34.9633484
2041,-224,-16,34.9588585
2041,-224,-16,34.9588585
2040,-227,-10,34.9502907
2040,-227,-10,34.9502907
2040,-228,-9,34.944088
2040,-228,-9,34.944088
2039,-225,-16,34.9369965
2039,-225,-16,34.9369965
2032,-223,-15,34.9426918
2032,-223,-15,34.9426918
2037,-218,-13,34.9447975
2037,-218,-13,34.9447975
2039,-223,-16,34.943676
2040,-227,-9,34.9471931
2040,-227,-9,34.9471931
2033,-229,-12,34.9488487
2033,-229,-12,34.9488487
2037,-230,-11,34.9412804
2037,-230,-11,34.9412804
2039,-228,-13,34.9254112
2039,-228,-13,34.9254112
2034,-223,-14,34.9201889
2034,-223,-14,34.9201889
2037,-221,-12,34.9411507
2045,-221,-14,34.9600182
2045,-221,-14,34.9600182
2035,-220,-10,34.9634132
2035,-220,-10,34.9634132
2034,-229,-16,34.9558983
2034,-229,-16,34.9558983
2036,-227,-9,34.9597054
2036,-227,-9,34.9597054
2035,-233,-9,34.9585991
2035,-233,-9,34.9585991
2035,-229,-12,34.9651527
2035,-229,-12,34.9651527
2033,-227,-11,34.9619942
2034,-227,-15,34.960659
2034,-227,-15,34.960659
2035,-223,-11,34.9654961
2035,-223,-11,34.9654961
2035,-227,-13,34.9607925
2035,-227,-13,34.9607925
2037,-226,-12,34.9807129
2037,-226,-12,34.9807129
2036,-228,-12,34.9941139
2036,-228,-12,34.9941139
2035,-226,-10,34.9895668
2035,-226,-10,34.9895668
2036,-225,-14,34.9900055
2036,-230,-13,34.9798317
2036,-230,-13,34.9798317
2037,-225,-9,34.972187
2037,-225,-9,34.972187
2038,-225,-16,34.9743652
2038,-225,-16,34.9743652
2037,-226,-10,34.9717941
2037,-226,-10,34.9717941
2038,-223,-13,35.0026932
2038,-223,-13,35.0026932
2037,-227,-15,34.9987984
2037,-227,-15,34.9987984
2037,-224,-16,34.9998245
2034,-227,-16,35.0037651
2034,-227,-16,35.0037651
2038,-227,-8,35.0133514
2038,-227,-8,35.0133514
2035,-224,-12,35.018959
2035,-224,-12,35.018959
2037,-224,-13,35.0285378
2037,-224,-13,35.0285378
2038,-224,-13,35.0416832
2038,-224,-13,35.0416832
2037,-227,-12,35.0354004
2034,-225,-14,35.0312576
2034,-225,-14,35.0312576
2039,-225,-12,35.0411148
2039,-225,-12,35.0411148
2037,-228,-14,35.0394173
2037,-228,-14,35.0394173
2037,-226,-14,35.0560074
2037,-226,-14,35.0560074
2038,-225,-12,35.0498009
2038,-225,-12,35.0498009
2039,-225,-13,35.0532761
2039,-225,-13,35.0532761
2038,-226,-11,35.0594215
2038,-227,-14,35.0528755
2038,-227,-14,35.0528755
2035,-225,-11,35.0394325
2035,-225,-11,35.0394325
2039,-228,-15,35.0409241
2039,-228,-15,35.0409241
2039,-226,-12,35.0271683
2039,-226,-12,35.0271683
2035,-224,-14,35.0283737
2035,-224,-14,35.0283737
2038,-225,-11,35.0309715
2038,-225,-11,35.0309715
2042,-230,-11,35.0363274
2036,-229,-13,35.0290718
2036,-229,-13,35.0290718
2040,-227,-12,35.0255585
2040,-227,-12,35.0255585
2038,-228,-14,35.031456
2038,-228,-14,35.031456
2038,-226,-13,35.0307236
2038,-226,-13,35.0307236
2036,-225,-11,35.0300674
2036,-225,-11,35.0300674
2038,-226,-17,35.0143776
2038,-226,-17,35.0143776
2042,-226,-7,35.0123367
2042,-227,-14,35.010498
2042,-227,-14,35.010498
2039,-224,-10,35.005825
2039,-224,-10,35.005825
2040,-228,-13,35.021244
2040,-228,-13,35.021244
2040,-228,-8,35.0230446
2040,-228,-8,35.0230446
2040,-224,-11,35.0261726
2040,-224,-11,35.0261726
2037,-225,-16,35.0123825
2035,-224,-9,35.0075188
2035,-224,-9,35.0075188
2037,-225,-15,34.9971046
2037,-225,-15,34.9971046
2038,-225,-12,35.0058479
2038,-225,-12,35.0058479
2039,-227,-15,35.0016403
2039,-227,-15,35.0016403
2040,-227,-14,34.9978523
2040,-227,-14,34.9978523
2039,-227,-10,35.0019913
2039,-227,-10,35.0019913
2041,-225,-16,35.0011864
2037,-230,-15,35.0019722
2037,-230,-15,35.0019722
2042,-226,-14,34.9981499
2042,-226,-14,34.9981499
2039,-223,-10,34.9947128
2039,-223,-10,34.9947128
2039,-227,-11,34.9991646
2039,-227,-11,34.9991646
2043,-227,-11,35.016758
2043,-227,-11,35.016758
2041,-227,-12,35.0144768
2041,-227,-12,35.0144768
2039,-229,-13,35.0169525
2038,-224,-13,35.0116348
2038,-224,-13,35.0116348
2041,-225,-16,35.0098686
2041,-225,-16,35.0098686
2041,-227,-11,35.0112953
2041,-227,-11,35.0112953
2039,-227,-16,35.0155983
2039,-227,-16,35.0155983
2043,-226,-13,35.0164528
2043,-226,-13,35.0164528
2040,-229,-16,35.0081635
2040,-229,-16,35.0081635
2039,-227,-14,35.0082512
2039,-227,-11,35.0038033
2039,-227,-11,35.0038033
2039,-229,-15,34.9982872
2039,-229,-15,34.9982872
2039,-227,-8,35.0008736
2039,-227,-8,35.0008736
2036,-227,-16,35.0001831
2036,-227,-16,35.0001831
2042,-223,-15,34.9980507
2042,-223,-15,34.9980507
2042,-225,-14,35.0157585
2037,-225,-11,35.0105591
2037,-225,-11,35.0105591
2039,-226,-13,35.0013504
2039,-226,-13,35.0013504
2037,-225,-12,35.006649
2037,-225,-12,35.006649
2036,-228,-13,35.0023613
2036,-228,-13,35.0023613
2037,-225,-14,34.9924622
2037,-225,-14,34.9924622
2043,-224,-12,34.9911003
2043,-224,-12,34.9911003
2040,-227,-15,34.9913864
2039,-226,-11,34.987114
2039,-226,-11,34.987114
2038,-227,-13,34.9817581
2038,-227,-13,34.9817581
2039,-225,-12,34.9739189
2039,-225,-12,34.9739189
2039,-226,-12,34.974411
2039,-226,-12,34.974411
2040,-227,-12,34.9733467
2040,-227,-12,34.9733467
2043,-226,-14,34.9708786
2043,-226,-14,34.9708786
2038,-226,-15,34.9792252
2038,-224,-14,34.9867363
2038,-224,-14,34.9867363
2040,-223,-11,34.9904785
2040,-223,-11,34.9904785
2041,-224,-18,34.9817696
2041,-224,-18,34.9817696
2038,-224,-11,34.9890251
2038,-224,-11,34.9890251
2040,-225,-14,34.9955559
2040,-225,-14,34.9955559
2041,-225,-12,34.989357
2041,-225,-12,34.989357
2039,-225,-15,34.9837799
2039,-225,-13,34.9727211
2039,-225,-13,34.9727211
2040,-223,-14,34.9672966
2040,-223,-14,34.9672966
2041,-226,-15,34.9488258
2041,-226,-15,34.9488258
2042,-225,-12,34.9457893
2042,-225,-12,34.9457893
2037,-226,-13,34.9475861
2037,-226,-13,34.9475861
2039,-224,-15,34.9431648
2040,-225,-11,34.9467316
2040,-225,-11,34.9467316
2040,-227,-12,34.9514542
2040,-227,-12,34.9514542
2037,-228,-12,34.9360771
2037,-228,-12,34.9360771
2041,-229,-8,34.9358253
2041,-229,-8,34.9358253
2037,-228,-12,34.9416389
2037,-228,-12,34.9416389
2034,-225,-12,34.9498901
2034,-225,-12,34.9498901
2041,-227,-13,34.9482574
2038,-225,-12,34.9482956
2038,-225,-12,34.9482956
2035,-227,-13,34.9407845
2035,-227,-13,34.9407845
2039,-226,-11,34.9415703
2039,-226,-11,34.9415703
2041,-229,-13,34.9468079
2041,-229,-13,34.9468079
2040,-229,-14,34.9545403
2040,-229,-14,34.9545403
2039,-228,-12,34.9418755
2039,-228,-12,34.9418755
2035,-225,-12,34.9440651
2035,-228,-12,34.961132
2035,-228,-12,34.961132
2036,-224,-14,34.9629021
2036,-224,-14,34.9629021
2036,-227,-15,34.9644966
2036,-227,-15,34.9644966
2042,-225,-14,34.9704628
2042,-225,-14,34.9704628
2036,-224,-11,34.9501648
2036,-224,-11,34.9501648
2038,-225,-10,34.9620895
2038,-225,-10,34.9620895
2039,-227,-12,34.9592361
2035,-228,-14,34.9551582
2035,-228,-14,34.9551582
2035,-227,-15,34.9484711
2035,-227,-15,34.9484711
2037,-224,-12,34.9726448
2037,-224,-12,34.9726448
2038,-228,-12,34.9777946
2038,-228,-12,34.9777946
2037,-225,-13,34.9794121
2037,-225,-13,34.9794121
2041,-226,-12,34.9748268
2039,-225,-14,34.9797592
2039,-225,-14,34.9797592
2034,-225,-13,34.9781609
2034,-225,-13,34.9781609
2034,-229,-13,34.9767227
2034,-229,-13,34.9767227
2033,-227,-13,34.9708977
2033,-227,-13,34.9708977
2037,-225,-13,34.9656525
2037,-225,-13,34.9656525
2036,-226,-13,34.9745216
2036,-226,-13,34.9745216
2036,-221,-11,34.968914
2037,-222,-15,34.9653778
2037,-222,-15,34.9653778
2040,-227,-11,34.963707
2040,-227,-11,34.963707
2036,-226,-12,34.9652214
2036,-226,-12,34.9652214
2035,-222,-15,34.9650764
2035,-222,-15,34.9650764
2035,-228,-10,34.9649467
2035,-228,-10,34.9649467
2035,-226,-14,34.9648285
2035,-226,-14,34.9648285
2035,-224,-10,34.9662323
2035,-225,-13,34.9644737
2035,-225,-13,34.9644737
2037,-227,-13,34.9644012
2037,-227,-13,34.9644012
2035,-227,-11,34.9598083
2035,-227,-11,34.9598083
2037,-226,-10,34.9632225
2037,-226,-10,34.9632225
2039,-229,-11,34.9738426
2039,-229,-11,34.9738426
2036,-225,-14,34.975853
2036,-225,-14,34.975853
2035,-226,-11,34.9776649
2036,-226,-13,34.9777832
2036,-226,-13,34.9777832
2038,-223,-15,34.9824181
2038,-223,-15,34.9824181
2036,-225,-14,34.9835701
2036,-225,-14,34.9835701
2038,-227,-13,34.9830971
2038,-227,-13,34.9830971
2038,-226,-12,34.9932404
2038,-226,-12,34.9932404
2037,-229,-9,34.9872742
2031,-227,-13,34.995491
2031,-227,-13,34.995491
2035,-226,-11,35.0043945
2035,-226,-11,35.0043945
2039,-228,-13,35.0169373
2039,-228,-13,35.0169373
2041,-227,-12,35.0206795
2041,-227,-12,35.0206795
2039,-226,-11,35.0210266
2039,-226,-11,35.0210266
2036,-225,-11,35.0258675
2036,-225,-11,35.0258675
2036,-227,-12,35.0287132
2037,-226,-13,35.0327835
2037,-226,-13,35.0327835
2037,-224,-14,35.0319214
2037,-224,-14,35.0319214
2038,-225,-14,35.0492592
2038,-225,-14,35.0492592
2037,-228,-12,35.0558052
2037,-228,-12,35.0558052
2039,-228,-11,35.0647163
2039,-228,-11,35.0647163
2037,-225,-15,35.0636787
2037,-225,-15,35.0636787
2033,-224,-14,35.0597267
2041,-229,-8,35.0863609
2041,-229,-8,35.0863609
2035,-228,-4,35.0741005
2035,-228,-4,35.0741005
2035,-227,-12,35.0781631
2035,-227,-12,35.0781631
2034,-226,-13,35.0788002
2034,-226,-13,35.0788002
2036,-227,-14,35.0657845
2036,-227,-14,35.0657845
2039,-222,-13,35.0706787
2039,-222,-13,35.0706787
2039,-224,-12,35.0630074
2035,-225,-14,35.0621414
2035,-225,-14,35.0621414
2038,-223,-16,35.0643806
2038,-223,-16,35.0643806
2039,-228,-12,35.0724335
2039,-228,-12,35.0724335
2039,-226,-12,35.0736427
2039,-226,-12,35.0736427
2039,-225,-13,35.0702019
2039,-225,-13,35.0702019
2038,-228,-13,35.0655975
2038,-227,-10,35.0554123
2038,-227,-10,35.0554123
2036,-226,-15,35.062851
2036,-226,-15,35.062851
2039,-224,-12,35.0620003
2039,-224,-12,35.0620003
2036,-224,-14,35.0551949
2036,-224,-14,35.0551949
2038,-226,-13,35.0520897
2038,-226,-13,35.0520897
2037,-225,-13,35.0568428
2037,-225,-13,35.0568428
2036,-226,-14,35.0535736
2043,-227,-12,35.040062
2043,-227,-12,35.040062
2040,-226,-10,35.0460167
2040,-226,-10,35.0460167
2041,-223,-14,35.0423203
2041,-223,-14,35.0423203
2039,-226,-12,35.0405045
2039,-226,-12,35.0405045
2037,-223,-9,35.0403786
2037,-223,-9,35.0403786
2038,-227,-12,35.044796
2038,-227,-12,35.044796
2039,-224,-9,35.0487709
2038,-227,-12,35.0508385
2038,-227,-12,35.0508385
2041,-226,-14,35.0300522
2041,-226,-14,35.0300522
2042,-224,-15,35.033989
2042,-224,-15,35.033989
2040,-226,-13,35.0209274
2040,-226,-13,35.0209274
2039,-228,-10,35.0182304
2039,-228,-10,35.0182304
2040,-225,-12,35.0278816
2040,-225,-12,35.0278816
2040,-228,-15,35.030529
2039,-224,-12,35.0268707
2039,-224,-12,35.0268707
2041,-224,-13,35.0326385
2041,-224,-13,35.0326385
2039,-228,-15,35.0317879
2039,-228,-15,35.0317879
2040,-224,-12,35.0249863
2040,-224,-12,35.0249863
2040,-225,-11,35.030941
2040,-225,-11,35.030941
2039,-224,-12,35.0408287
2037,-227,-13,35.0467072
2037,-227,-13,35.0467072
2039,-229,-14,35.0414314
2039,-229,-14,35.0414314
2039,-226,-11,35.0321541
2039,-226,-11,35.0321541
2043,-227,-13,35.0373917
2043,-227,-13,35.0373917
2040,-227,-10,35.0330467
2040,-227,-10,35.0330467
2042,-227,-13,35.027626
2042,-227,-13,35.027626
2039,-225,-13,35.0333176
2040,-225,-15,35.0339088
2040,-225,-15,35.0339088
2041,-226,-16,35.0359535
2041,-226,-16,35.0359535
2039,-224,-10,35.0589294
2039,-224,-10,35.0589294
2042,-227,-16,35.0629997
2042,-227,-16,35.0629997
2040,-226,-11,35.0742111
2040,-226,-11,35.0742111
2040,-225,-15,35.048069
2040,-225,-15,35.048069
2043,-225,-13,35.0381279
2038,-226,-11,35.0352211
2038,-226,-11,35.0352211
2041,-226,-12,35.0326042
2041,-226,-12,35.0326042
2040,-224,-13,35.0257187
2040,-224,-13,35.0257187
2040,-227,-11,35.0285797
2040,-227,-11,35.0285797
2040,-226,-12,35.0220985
2040,-226,-12,35.0220985
2043,-226,-13,35.0162659
2043,-226,-13,35.0162659
2040,-224,-20,35.0155449
2040,-227,-12,34.9907417
2040,-227,-12,34.9907417
2039,-224,-14,34.9910622
2039,-224,-14,34.9910622
2039,-229,-13,34.9853134
2039,-229,-13,34.9853134
2040,-226,-11,34.9801407
2040,-226,-11,34.9801407
2041,-227,-15,34.9785042
2041,-227,-15,34.9785042
2041,-224,-11,34.9634438
2038,-229,-10,34.9725342
2038,-229,-10,34.9725342
2043,-226,-16,34.9761848
2043,-226,-16,34.9761848
2038,-225,-12,34.9779625
2038,-225,-12,34.9779625
2039,-224,-14,34.9735222
2039,-224,-14,34.9735222
2044,-226,-13,34.9695282
2044,-226,-13,34.9695282
2041,-224,-12,34.9568748
2041,-224,-12,34.9568748
2038,-226,-14,34.9741707
2041,-226,-12,34.9821892
2041,-226,-12,34.9821892
2041,-226,-14,35.0045013
2041,-226,-14,35.0045013
2038,-230,-11,34.9913712
2038,-230,-11,34.9913712
2038,-226,-13,34.9916306
2038,-226,-13,34.9916306
2038,-228,-11,34.9948807
2038,-228,-11,34.9948807
2039,-224,-11,34.9947891
2039,-224,-11,34.9947891
2039,-226,-15,35.0037651
2040,-223,-15,34.9937248
2040,-223,-15,34.9937248
2040,-226,-14,34.9937477
2040,-226,-14,34.9937477
2040,-226,-13,34.9952774
2040,-226,-13,34.9952774
2039,-226,-13,34.9860878
2039,-226,-13,34.9860878
2039,-227,-13,34.9868736
2039,-227,-13,34.9868736
2036,-227,-13,34.9830513
2036,-227,-13,34.9830513
2038,-227,-14,34.9781036
2038,-227,-15,34.9736519
2038,-227,-15,34.9736519
2038,-227,-12,34.9726639
2038,-227,-12,34.9726639
2042,-225,-14,34.9461098
2042,-225,-14,34.9461098
2038,-224,-11,34.947876
2038,-224,-11,34.947876
2041,-227,-12,34.9615402
2041,-227,-12,34.9615402
2040,-223,-14,34.9481735
2040,-226,-11,34.9497337
2040,-226,-11,34.9497337
2037,-223,-14,34.954155
2037,-223,-14,34.954155
2041,-226,-10,34.9505844
2041,-226,-10,34.9505844
2039,-227,-10,34.9473724
2039,-227,-10,34.9473724
2041,-226,-12,34.9444809
2041,-226,-12,34.9444809
2040,-225,-12,34.9433899
2040,-225,-12,34.9433899
2037,-225,-15,34.9605255
2040,-226,-9,34.9638672
2040,-226,-9,34.9638672
2038,-225,-16,34.9729156
2038,-225,-16,34.9729156
2038,-224,-13,34.9689827
2038,-224,-13,34.9689827
2039,-229,-12,34.9669495
2039,-229,-12,34.9669495
2037,-229,-14,34.9636116
2037,-229,-14,34.9636116
2045,-229,-11,34.9621162
2045,-229,-11,34.9621162
2034,-224,-13,34.9577522
2038,-225,-11,34.9553337
2038,-225,-11,34.9553337
2037,-225,-10,34.9546661
2037,-225,-10,34.9546661
2037,-227,-13,34.955574
2037,-227,-13,34.955574
2035,-228,-12,34.9443169
2035,-228,-12,34.9443169
2039,-227,-14,34.9417305
2039,-227,-14,34.9417305
2037,-225,-15,34.9590302
2037,-225,-15,34.9590302
2039,-226,-13,34.9489365
2043,-226,-14,34.9655151
2043,-226,-14,34.9655151
2037,-226,-13,34.9698677
2037,-226,-13,34.9698677
2034,-227,-12,34.9768028
2034,-227,-12,34.9768028
2037,-226,-14,34.9845581
2037,-226,-14,34.9845581
2036,-224,-14,34.9779472
2036,-224,-14,34.9779472
2039,-225,-14,34.9825668
2035,-225,-16,34.9897461
2035,-225,-16,34.9897461
2036,-224,-13,34.9811096
2036,-224,-13,34.9811096
2037,-228,-12,34.9793739
2037,-228,-12,34.9793739
2033,-225,-13,34.9717751
2033,-225,-13,34.9717751
2036,-224,-11,34.9694633
2036,-224,-11,34.9694633
2038,-226,-9,34.9583244
2038,-226,-9,34.9583244
2035,-225,-13,34.9528313
2040,-226,-10,34.9599648
2040,-226,-10,34.9599648
2036,-231,-9,34.9814796
2036,-231,-9,34.9814796
2033,-232,-8,34.9766884
2033,-232,-8,34.9766884
2041,-222,-12,34.9799232
2041,-222,-12,34.9799232
2040,-224,-13,34.9858551
2040,-224,-13,34.9858551
2039,-225,-11,34.9821358
2039,-225,-11,34.9821358
2037,-225,-16,34.9742584
2035,-226,-12,34.9671707
2035,-226,-12,34.9671707
2049,-228,-8,34.9668312
2049,-228,-8,34.9668312
2035,-223,-16,34.9740715
2035,-223,-16,34.9740715
2040,-222,-7,34.9820976
2040,-222,-7,34.9820976
2036,-225,-14,34.9817734
2036,-225,-14,34.9817734
2037,-224,-11,34.9950676
2037,-224,-11,34.9950676
2038,-228,-12,35.0040131
2037,-228,-9,35.0060272
2037,-228,-9,35.0060272
2038,-224,-16,35.0063286
2038,-224,-16,35.0063286
2044,-232,-10,35.0050926
2044,-232,-10,35.0050926
2031,-223,-14,35.007
2031,-223,-14,35.007
2038,-224,-15,35.0147552
2038,-224,-15,35.0147552
2035,-224,-10,35.0111656
2039,-225,-15,35.0139732
2039,-225,-15,35.0139732
2035,-224,-8,35.0240479
2035,-224,-8,35.0240479
2035,-223,-17,35.0089607
2035,-223,-17,35.0089607
2040,-226,-11,35.0195389
2040,-226,-11,35.0195389
2037,-224,-14,35.0381165
2037,-224,-14,35.0381165
2038,-224,-17,35.0306816
2038,-224,-17,35.0306816
2038,-223,-10,35.0270081
2035,-226,-13,35.0252113
2035,-226,-13,35.0252113
2031,-227,-10,35.0311432
2031,-227,-10,35.0311432
2037,-225,-12,35.0485611
2037,-225,-12,35.0485611
2039,-223,-14,35.0431023
2039,-223,-14,35.0431023
2041,-224,-12,35.0381889
2041,-224,-12,35.0381889
2036,-227,-11,35.0367851
2036,-227,-11,35.0367851
2038,-228,-10,35.0491066
2042,-226,-11,35.0526505
2042,-226,-11,35.0526505
2042,-227,-10,35.040741
2042,-227,-10,35.040741
2039,-226,-14,35.0451202
2039,-226,-14,35.0451202
2040,-227,-15,35.0430222
2040,-227,-15,35.0430222
2039,-224,-13,35.0456619
2039,-224,-13,35.0456619
2039,-227,-14,35.0374718
2039,-227,-14,35.0374718
2035,-224,-11,35.0391579
2045,-228,-16,35.0542641
2045,-228,-16,35.0542641
2036,-228,-12,35.043705
2036,-228,-12,35.043705
2036,-231,-9,35.0477867
2036,-231,-9,35.0477867
2040,-230,-11,35.0514603
2040,-230,-11,35.0514603
2038,-225,-10,35.0517502
2038,-225,-10,35.0517502
2036,-224,-16,35.0429497
2038,-223,-17,35.0380516
2038,-223,-17,35.0380516
2036,-229,-12,35.0366631
2036,-229,-12,35.0366631
2040,-226,-15,35.0323906
2040,-226,-15,35.0323906
2039,-225,-10,35.030056
2039,-225,-10,35.030056
2041,-230,-10,35.0385246
2041,-230,-10,35.0385246
2038,-224,-12,35.0250092
2038,-224,-12,35.0250092
2041,-224,-15,35.026432
2041,-225,-11,35.0231857
2041,-225,-11,35.0231857
2038,-222,-15,35.0338478
2038,-222,-15,35.0338478
2039,-227,-13,35.028347
2039,-227,-13,35.028347
2041,-227,-9,35.0249062
2041,-227,-9,35.0249062
2039,-225,-13,35.0323792
2039,-225,-13,35.0323792
2039,-228,-14,35.0315552
2039,-228,-14,35.0315552
2040,-228,-11,35.0383606
2037,-225,-12,35.0233498
2037,-225,-12,35.0233498
2039,-225,-14,35.0294685
2039,-225,-14,35.0294685
2043,-226,-14,35.0228996
2043,-226,-14,35.0228996
2036,-225,-14,35.0109482
2036,-225,-14,35.0109482
2039,-221,-12,35.0047188
2039,-221,-12,35.0047188
2040,-223,-13,34.9900551
2040,-223,-13,34.9900551
2037,-224,-11,34.9934654
2031,-220,-16,35.0025711
2031,-220,-16,35.0025711
2042,-226,-13,35.0107689
2042,-226,-13,35.0107689
2042,-226,-13,35.0121078
2042,-226,-13,35.0121078
2040,-227,-12,35.0178413
2040,-227,-12,35.0178413
2038,-228,-11,35.0124321
2038,-228,-11,35.0124321
2039,-227,-13,35.0090752
2037,-227,-14,35.0136032
